index,A,T,C,G,N,GC
0,0.131238,0.16325,0.309469,0.395617,0,0.705086
1,0.21991,0.392193,0.201971,0.185907,0,0.387878
2,0.239775,0.288249,0.243753,0.228015,0,0.471768
3,0.29451,0.185849,0.249998,0.269636,0,0.519634
4,0.321312,0.209321,0.203975,0.265393,0,0.469367
5,0.351342,0.231144,0.220638,0.196877,0,0.417515
6,0.167596,0.420431,0.231631,0.180342,0,0.411973
7,0.20363,0.27386,0.330615,0.191895,0,0.52251
8,0.216047,0.279848,0.269553,0.234552,0,0.504105
9,0.378376,0.214058,0.191634,0.215931,0,0.407565
10,0.244004,0.200609,0.286934,0.268452,0,0.555386
11,0.213205,0.275701,0.280959,0.230135,0,0.511094
12,0.261228,0.296954,0.227954,0.213864,0,0.441819
13,0.250765,0.282373,0.251469,0.215391,0,0.46686
14,0.260848,0.265253,0.245269,0.22863,0,0.473899
15,0.257425,0.258206,0.247318,0.237052,0,0.48437
16,0.262129,0.255655,0.239627,0.242588,0,0.482215
17,0.263634,0.266262,0.239751,0.23034,0,0.470091
18,0.262842,0.254452,0.246612,0.236094,0,0.482706
19,0.263756,0.264764,0.240881,0.230598,0,0.471479
20,0.261322,0.257494,0.241098,0.240086,0,0.481184
21,0.271578,0.253344,0.238281,0.236797,0,0.475078
22,0.271232,0.255099,0.239954,0.233715,0,0.473669
23,0.2615,0.256538,0.249862,0.232094,0,0.481956
24,0.262468,0.262599,0.238952,0.235981,0,0.474933
25,0.262799,0.256055,0.24845,0.232696,0,0.481146
26,0.261515,0.258447,0.248584,0.231454,0,0.480038
27,0.268244,0.256428,0.239852,0.235476,0,0.475328
28,0.263368,0.256505,0.239816,0.240311,0,0.480127
29,0.260528,0.265759,0.24045,0.233263,0,0.473713
30,0.264112,0.254236,0.246509,0.235143,0,0.481652
31,0.271249,0.258445,0.238726,0.23158,0,0.470306
32,0.259209,0.258317,0.250064,0.232285,0,0.482349
33,0.261954,0.253861,0.239225,0.24496,0,0.484185
34,0.269636,0.256671,0.239969,0.233607,0,0.473576
35,0.258816,0.257735,0.241925,0.241524,0,0.483449
36,0.261717,0.254739,0.238707,0.244837,0,0.483544
37,0.261302,0.264535,0.240478,0.233685,0,0.474164
38,0.260741,0.265544,0.240992,0.232722,0,0.473714
39,0.261805,0.254568,0.238152,0.245475,0,0.483627
40,0.271072,0.256867,0.238502,0.233559,0,0.472061
41,0.259251,0.265659,0.241231,0.233615,0,0.474847
42,0.259844,0.256856,0.246719,0.236445,0,0.483165
43,0.259716,0.262994,0.240466,0.236823,0,0.477289
44,0.258064,0.257665,0.249739,0.234456,0,0.484195
45,0.258886,0.254979,0.238832,0.247303,0,0.486135
46,0.260285,0.265214,0.239175,0.235326,0,0.474501
47,0.267158,0.256818,0.24042,0.235604,0,0.476024
48,0.259363,0.263815,0.238984,0.237838,0,0.476822
49,0.261213,0.256747,0.239286,0.242754,0,0.482039
50,0.258976,0.258478,0.247935,0.234611,0,0.482546
51,0.25988,0.25481,0.247396,0.237914,0,0.48531
52,0.260929,0.257312,0.237818,0.243941,0,0.481759
53,0.259143,0.264961,0.241094,0.234793,0,0.475887
54,0.258505,0.255269,0.24839,0.237817,0,0.486207
55,0.259128,0.265841,0.240268,0.234691,0,0.474959
56,0.257736,0.264234,0.242373,0.235657,0,0.47803
57,0.259385,0.254606,0.247332,0.238668,0,0.486
58,0.260673,0.263502,0.238985,0.236841,0,0.475826
59,0.257913,0.257145,0.240656,0.244286,0,0.484942
60,0.260176,0.254308,0.247677,0.237839,0,0.485516
61,0.260099,0.264872,0.239112,0.235916,0,0.475028
62,0.258293,0.265494,0.241823,0.23439,0,0.476213
63,0.259262,0.254496,0.239787,0.246454,0,0.486241
64,0.268754,0.255705,0.238932,0.23661,0,0.475541
65,0.267564,0.255245,0.241478,0.235713,0,0.477191
66,0.266571,0.252394,0.24148,0.239536,0,0.481016
67,0.267629,0.254724,0.239727,0.23792,0,0.477648
68,0.258903,0.255803,0.241863,0.243431,0,0.485294
69,0.259238,0.253619,0.23909,0.248053,0,0.487143
70,0.261401,0.254228,0.238758,0.24548,0,0.484238
71,0.258603,0.255733,0.240637,0.245027,0,0.485664
72,0.259868,0.253669,0.238722,0.24774,0,0.486462
73,0.260071,0.255488,0.239417,0.245023,0,0.484441
74,0.256949,0.256008,0.240946,0.246097,0,0.487043
75,0.258435,0.253375,0.239255,0.248929,0,0.488184
76,0.259811,0.253884,0.240001,0.246303,0,0.486305
77,0.257152,0.25503,0.242495,0.24531,0,0.487805
78,0.259061,0.25135,0.240108,0.249481,0,0.489589
79,0.25971,0.253748,0.240282,0.246052,0,0.486334
80,0.258589,0.255447,0.240718,0.245231,0,0.485949
81,0.258456,0.253933,0.239776,0.247566,0,0.487342
82,0.260609,0.254464,0.238742,0.246185,0,0.484927
83,0.258868,0.255923,0.239597,0.245612,0,0.485209
84,0.258235,0.253253,0.238629,0.24975,0,0.488379
85,0.260177,0.255243,0.238375,0.246204,0,0.484579
86,0.258358,0.254828,0.240791,0.246024,0,0.486814
87,0.25822,0.252702,0.238956,0.250075,0,0.489031
88,0.259703,0.253548,0.239537,0.247213,0,0.48675
89,0.258432,0.254618,0.241556,0.245394,0,0.48695
90,0.258567,0.252729,0.238669,0.249858,0,0.488527
91,0.259383,0.25544,0.238275,0.246902,0,0.485177
92,0.258904,0.255517,0.240135,0.245443,0,0.485579
93,0.260712,0.251991,0.238143,0.249145,0,0.487288
94,0.261019,0.253495,0.238683,0.246803,0,0.485486
95,0.257731,0.254444,0.241116,0.246707,0,0.487823
96,0.259565,0.251148,0.23869,0.250572,0,0.489262
97,0.259747,0.253456,0.23832,0.248443,0,0.486763
98,0.257804,0.253157,0.24203,0.247009,0,0.489039
99,0.25989,0.251564,0.239523,0.249022,0,0.488545
100,0.259267,0.25287,0.238716,0.249147,0,0.487863
101,0.258298,0.254992,0.239856,0.246855,0,0.486711
102,0.259527,0.252253,0.237261,0.250959,0,0.48822
103,0.261344,0.253414,0.238292,0.246949,0,0.485241
104,0.259502,0.253505,0.239221,0.247772,0,0.486993
105,0.259626,0.25252,0.237523,0.250332,0,0.487854
106,0.260528,0.253485,0.237227,0.248759,0,0.485986
107,0.257483,0.253516,0.240984,0.248017,0,0.489001
108,0.259269,0.250255,0.238123,0.252283,0,0.490407
109,0.260074,0.252173,0.237688,0.249779,0,0.487468
110,0.257875,0.254279,0.239548,0.248297,0,0.487845
111,0.259413,0.252007,0.237494,0.251086,0,0.48858
112,0.261019,0.25259,0.236835,0.249553,0,0.486388
113,0.259851,0.252799,0.239847,0.247503,0,0.48735
114,0.259889,0.250625,0.237692,0.251794,0,0.489486
115,0.260891,0.252436,0.237658,0.248922,0,0.48658
116,0.259458,0.252951,0.239092,0.248255,0,0.487347
117,0.259206,0.249409,0.238647,0.252738,0,0.491385
118,0.260263,0.251467,0.238233,0.250036,0,0.48827
119,0.258251,0.251374,0.240269,0.250107,0,0.490376
120,0.260198,0.249358,0.23833,0.252114,0,0.490444
121,0.25979,0.251229,0.238385,0.250595,0,0.488981
122,0.259808,0.252605,0.238218,0.249369,0,0.487587
123,0.261043,0.250398,0.236525,0.252005,0,0.48853
124,0.261261,0.250415,0.238595,0.249708,0,0.488303
125,0.260249,0.250063,0.240076,0.249526,0,0.489602
126,0.260443,0.250672,0.237027,0.251858,0,0.488884
127,0.260979,0.250147,0.238407,0.250465,0,0.488872
128,0.257874,0.251612,0.240235,0.25028,0,0.490515
129,0.259182,0.248617,0.237996,0.254206,0,0.492201
130,0.260109,0.250147,0.238754,0.25099,0,0.489744
131,0.257434,0.251585,0.240069,0.250911,0,0.490981
132,0.258701,0.249856,0.23769,0.253716,0,0.491406
133,0.259631,0.25105,0.238133,0.251172,0,0.489305
134,0.260387,0.250615,0.239139,0.249859,0,0.488998
135,0.259593,0.248538,0.237934,0.253931,0,0.491865
136,0.260415,0.250595,0.23785,0.250999,0,0.488849
137,0.257221,0.250734,0.240712,0.251333,0,0.492045
138,0.25822,0.248075,0.238621,0.255084,0,0.493704
139,0.259102,0.250005,0.238479,0.252413,0,0.490893
140,0.256792,0.250815,0.239569,0.252806,0,0.492375
141,0.258619,0.247709,0.237796,0.255877,0,0.493673
142,0.259715,0.249867,0.237964,0.25244,0,0.490404
143,0.257045,0.250833,0.239144,0.252913,0,0.492057
144,0.258127,0.248548,0.236965,0.25636,0,0.493326
145,0.259263,0.25074,0.237553,0.252444,0,0.489997
146,0.258121,0.249855,0.23931,0.252704,0,0.492014
147,0.258484,0.247814,0.237514,0.256188,0,0.493702
148,0.259914,0.248962,0.237689,0.253413,0,0.491102
149,0.257134,0.250342,0.239621,0.252881,0,0.492502
