index,A,T,C,G,mean
0,36.5959,36.3334,36.6284,35.94,36.3237
1,36.1851,36.1535,36.3345,36.2015,36.2067
2,36.2629,36.0479,36.5587,36.2915,36.2824
3,36.2442,36.0931,36.5734,36.3591,36.3287
4,36.2789,36.0745,36.5529,36.3391,36.3073
5,36.2172,36.0856,36.5352,36.3282,36.2786
6,36.004,36.087,36.5066,36.3187,36.2112
7,36.1391,36.1024,36.5515,36.4031,36.3165
8,36.2086,36.0809,36.5588,36.4168,36.3137
9,36.3133,36.1874,36.5439,36.4057,36.3515
10,36.2234,36.1275,36.612,36.4559,36.3755
11,36.1658,36.1311,36.5575,36.4114,36.3184
12,36.1993,36.1763,36.5136,36.3893,36.3052
13,36.1739,36.1399,36.5323,36.3975,36.3
14,36.1985,36.1722,36.5408,36.4086,36.3235
15,36.216,36.1827,36.5433,36.4152,36.3334
16,36.2052,36.1627,36.5378,36.4068,36.3216
17,36.2033,36.1502,36.5323,36.4028,36.3146
18,36.2055,36.1347,36.5253,36.3993,36.3098
19,36.2086,36.1523,36.5308,36.401,36.3164
20,36.1998,36.1387,36.5237,36.4004,36.3073
21,36.1893,36.129,36.5217,36.3877,36.3007
22,36.1869,36.1218,36.5217,36.3886,36.2979
23,36.1821,36.1153,36.5204,36.3838,36.2904
24,36.1799,36.1255,36.5102,36.3778,36.2922
25,36.1763,36.1125,36.5182,36.3636,36.2859
26,36.1485,36.0911,36.4955,36.3432,36.2623
27,36.1376,36.0791,36.5066,36.3447,36.2608
28,36.15,36.083,36.4966,36.345,36.2616
29,36.1531,36.0807,36.4954,36.3445,36.2616
30,36.1503,36.0743,36.4874,36.3434,36.2573
31,36.1438,36.0503,36.4799,36.3281,36.2429
32,36.1343,36.0545,36.4799,36.33,36.2428
33,36.14,36.0586,36.4765,36.3248,36.2441
34,36.1149,36.0349,36.4708,36.3052,36.2246
35,36.1214,36.0566,36.4784,36.3214,36.2366
36,36.1275,36.0597,36.4771,36.3218,36.2404
37,36.1098,36.0493,36.4757,36.3185,36.2316
38,36.0854,36.0363,36.4685,36.3108,36.218
39,36.0947,36.0395,36.4613,36.3079,36.2194
40,36.0824,36.0276,36.4531,36.3033,36.2087
41,36.0566,35.99,36.4334,36.2773,36.1823
42,36.072,35.991,36.4278,36.2808,36.1862
43,36.0627,35.997,36.4305,36.2746,36.1842
44,36.0524,35.9809,36.4273,36.268,36.1753
45,36.0502,35.9806,36.4288,36.2705,36.1762
46,36.0542,35.9764,36.4268,36.2736,36.1755
47,36.0247,35.9542,36.4357,36.2591,36.161
48,36.0404,35.9751,36.4354,36.2736,36.1745
49,36.0172,35.9516,36.4341,36.2497,36.1552
50,36.0014,35.946,36.4243,36.244,36.1457
51,36.0047,35.9482,36.4123,36.2407,36.1448
52,36.0082,35.9364,36.4004,36.2377,36.1377
53,35.9875,35.9167,36.3869,36.2292,36.1228
54,36.0124,35.9429,36.3866,36.2504,36.1419
55,36.0194,35.9344,36.3808,36.2324,36.1348
56,36.0033,35.9425,36.3867,36.2463,36.1381
57,36.0017,35.9408,36.3741,36.2386,36.1325
58,35.9785,35.9243,36.3732,36.2272,36.1184
59,35.9767,35.9531,36.3762,36.2222,36.1252
60,35.9801,35.9575,36.3575,36.2206,36.1204
61,35.9714,35.9397,36.3563,36.2215,36.1149
62,35.9624,35.9364,36.3635,36.2156,36.1126
63,35.9627,35.9181,36.361,36.216,36.1083
64,35.9232,35.901,36.3512,36.1884,36.0833
65,35.9103,35.8845,36.3501,36.1805,36.0742
66,35.9021,35.8623,36.3473,36.1702,36.0649
67,35.9071,35.8562,36.3464,36.1663,36.0618
68,35.8827,35.8253,36.3424,36.1465,36.0419
69,35.8942,35.8496,36.3453,36.1578,36.055
70,35.8694,35.8009,36.324,36.1262,36.0222
71,35.8811,35.8168,36.3298,36.1389,36.0342
72,35.8908,35.8299,36.3308,36.1472,36.0428
73,35.8863,35.8327,36.3226,36.143,36.0386
74,35.8613,35.8099,36.313,36.1271,36.0208
75,35.8649,35.8136,36.3171,36.1357,36.026
76,35.8402,35.7934,36.3081,36.1155,36.0069
77,35.8398,35.8001,36.3058,36.1198,36.0096
78,35.8314,35.7843,36.2872,36.1148,35.9983
79,35.8264,35.7823,36.2773,36.1104,35.9919
80,35.8109,35.761,36.2564,36.0964,35.9737
81,35.8101,35.7502,36.2536,36.0961,35.9706
82,35.7949,35.73,36.2353,36.0763,35.9513
83,35.7886,35.7407,36.2396,36.087,35.9559
84,35.797,35.7262,36.2348,36.0785,35.9524
85,35.7997,35.7372,36.2299,36.0893,35.956
86,35.7569,35.6935,36.2067,36.0551,35.9205
87,35.7603,35.7021,36.2043,36.0575,35.9245
88,35.7568,35.7012,36.2019,36.0642,35.9233
89,35.7541,35.7015,36.201,36.0592,35.9215
90,35.7615,35.695,36.1935,36.0577,35.9204
91,35.7509,35.6978,36.1996,36.0581,35.9184
92,35.7517,35.6862,36.198,36.0487,35.9131
93,35.7417,35.6867,36.1848,36.045,35.9075
94,35.7226,35.6686,36.1779,36.0296,35.8916
95,35.6897,35.6413,36.1594,36.0031,35.8659
96,35.6797,35.6215,36.1489,35.9942,35.8542
97,35.7103,35.6519,36.1656,36.0186,35.8786
98,35.7198,35.6715,36.1623,36.0248,35.8879
99,35.6646,35.6213,36.1323,35.9818,35.8431
100,35.6303,35.5885,36.1049,35.955,35.812
101,35.6565,35.6082,36.1223,35.9656,35.8302
102,35.6787,35.6269,36.1327,35.9801,35.845
103,35.6959,35.6481,36.1532,36.0106,35.8683
104,35.6449,35.6073,36.1119,35.9726,35.826
105,35.5745,35.5316,36.067,35.8991,35.7602
106,35.5859,35.5388,36.067,35.9116,35.7671
107,35.5844,35.5483,36.0716,35.9076,35.7706
108,35.5664,35.5458,36.0578,35.9065,35.7621
109,35.5228,35.4843,36.0271,35.8642,35.7161
110,35.4944,35.4707,36.0151,35.8501,35.6988
111,35.5454,35.5127,36.0439,35.8813,35.7381
112,35.5341,35.5049,36.0318,35.8675,35.7257
113,35.5072,35.4914,36.0165,35.8547,35.7093
114,35.4692,35.4539,35.9879,35.8218,35.6756
115,35.4956,35.4784,36.008,35.844,35.6975
116,35.5065,35.5013,36.0219,35.8691,35.7159
117,35.4729,35.4652,35.9879,35.834,35.683
118,35.4538,35.4422,35.9788,35.807,35.6618
119,35.469,35.4563,35.988,35.8155,35.6745
120,35.4496,35.446,35.9633,35.8008,35.6576
121,35.4001,35.4054,35.9496,35.7671,35.622
122,35.3536,35.3495,35.9098,35.717,35.5733
123,35.3179,35.3172,35.8764,35.6884,35.5415
124,35.3217,35.335,35.8826,35.6969,35.5503
125,35.2907,35.3054,35.8644,35.6631,35.5228
126,35.2759,35.3077,35.8504,35.6565,35.514
127,35.2899,35.2971,35.8609,35.6718,35.5209
128,35.3117,35.324,35.873,35.6843,35.5401
129,35.3069,35.3339,35.8603,35.6969,35.5421
130,35.2864,35.317,35.8425,35.6792,35.5226
131,35.259,35.3042,35.8285,35.6491,35.5022
132,35.2394,35.2726,35.8017,35.6268,35.4773
133,35.2489,35.2798,35.8181,35.6491,35.4901
134,35.2131,35.2613,35.8004,35.6115,35.4626
135,35.1814,35.2325,35.7699,35.5758,35.4324
136,35.2131,35.2659,35.7923,35.6145,35.4624
137,35.226,35.2781,35.8058,35.6427,35.4802
138,35.1502,35.2102,35.7468,35.5667,35.411
139,35.1631,35.228,35.7487,35.5831,35.4218
140,35.1439,35.2269,35.7412,35.5795,35.4147
141,35.0692,35.1475,35.6726,35.4983,35.3393
142,35.111,35.176,35.7014,35.5343,35.3715
143,35.0946,35.181,35.6964,35.5217,35.3652
144,34.9814,35.0581,35.6064,35.4051,35.2548
145,34.9917,35.068,35.6203,35.4259,35.2668
146,35.0333,35.1321,35.6454,35.4717,35.3121
147,35.0171,35.1122,35.6267,35.4637,35.2969
148,34.9953,35.0936,35.6168,35.4456,35.2782
149,34.9997,35.1093,35.6249,35.4475,35.2867
